,Unnamed: 0,H,G,S,4-O-5,alpha-O-4,beta-O-4,5-5,beta-5,beta-beta,beta-1,branching_coeff,MW,monomer_count,OH_count,OCH3_count
mean,0.0,0.0,10.0,22.818181818181817,3.0,0.0,26.09090909090909,0.36363636363636365,0.7272727272727273,1.2727272727272727,0.0,0.08992033365416628,7004.955818181817,32.81818181818182,32.54545454545455,55.63636363636363
std,0.0,0.0,5.422176684690384,8.600211413891891,2.32379000772445,0.0,10.231857558181169,0.9244162777371752,0.9045340337332909,0.7862453931068966,0.0,0.07082490441058142,2664.1416943038826,12.584261454834623,12.283025981928365,20.86275498237338
CI_lower,,,6.357332138230058,17.040481174404306,1.4388566306700246,,19.21705365225647,-0.2573949419863314,0.11959849491865304,0.7445204304416255,,0.04233951544921968,5215.161074597909,24.36395993805253,24.293605409665908,41.62057412938415
CI_upper,,,13.642667861769942,28.595882461959327,4.561143369329976,,32.964764529561705,0.9846676692590587,1.3349469596268015,1.80093411501292,,0.13750115185911288,8794.750561765726,41.27240369831111,40.797303681243186,69.65215314334311
