,Unnamed: 0,H,G,S,4-O-5,alpha-O-4,beta-O-4,5-5,beta-5,beta-beta,beta-1,branching_coeff,MW,monomer_count,OH_count,OCH3_count
mean,0.0,0.0,1.0833333333333333,2.0833333333333335,0.3333333333333333,0.0,1.5833333333333333,0.0,0.0,0.25,0.0,0.0625,657.35275,3.1666666666666665,3.9166666666666665,5.25
std,0.0,0.0,0.996204919895622,0.6685579234215215,0.492365963917331,0.0,0.5149286505444373,0.0,0.0,0.45226701686664544,0.0,0.11306675421666136,104.17270417142083,0.5773502691896257,0.7929614610987591,0.7537783614444091
CI_lower,,,0.45037492486450603,1.6585518945682567,0.020498924788164896,,1.2561632776406177,,,-0.03735675309538711,,-0.009339188273846777,591.1645715224785,2.7998358066528417,3.41284299106509,4.771072078174355
CI_upper,,,1.7162917418021606,2.50811477209841,0.6461677418785017,,1.9105033890260488,,,0.5373567530953871,,0.13433918827384678,723.5409284775216,3.5334975266804913,4.420490342268243,5.728927921825645
